{
    "target_col": "target",
    "tuning_metric": "accuracy",
    "n_passes": 2,
    "test_size": 0.2,
    "remove_dup": "True",
    "preprocess_dict": {
        "text": [
            {"lower_case_conversion": [{"strategy": "True"}]},
            {"accented_to_ascii": [{"strategy": "True"}]},
            {"short_to_original": [{"strategy": "True"}]},
            {"expand_contractions": [{"strategy": "True"}]},
            {"spell_correction": [{"strategy": "True"}]},
            {"num_to_words": [{"strategy": "True"}]},
            {"emoji_to_words": [{"strategy": "True"}]},
            {"emoticons_to_words": [{"strategy": "True"}]},
            {"null": [{"strategy_key": 2}]}
        ]
    }
}
